"BNO","TITLE","CONTENT","WRITER","REGDATE"
468,번창하세요,"11",관우,2020-10-05 17:52:50
469,언택트계의혁명!,최고,최고최고,2020-10-05 17:53:05
470,번창하세요,"11",관우,2020-10-05 17:53:15
471,언택트계의혁명!,최고,최고최고,2020-10-05 17:53:15
472,친절한 업체입니다.,만족해요,새얀짱,2020-10-05 17:53:15
473,최고에요,만족합니다,친구,2020-10-05 17:53:15
474,번창하세요,"11",관우,2020-10-05 17:53:16
475,언택트계의혁명!,최고,최고최고,2020-10-05 17:53:16
476,번창하세요,"11",관우,2020-10-05 17:53:16
477,언택트계의혁명!,최고,최고최고,2020-10-05 17:53:16
478,친절한 업체입니다.,만족해요,새얀짱,2020-10-05 17:53:16
479,최고에요,만족합니다,친구,2020-10-05 17:53:16
480,친절한 업체입니다.,만족해요,새얀짱,2020-10-05 17:53:16
481,최고에요,만족합니다,친구,2020-10-05 17:53:16
466,친절한 업체입니다.,만족해요,새얀짱,2020-10-05 17:52:21
467,최고에요,만족합니다,친구,2020-10-05 17:52:38
482,번창하세요,"11",관우,2020-10-05 17:53:17
483,언택트계의혁명!,최고,최고최고,2020-10-05 17:53:17
484,번창하세요,"11",관우,2020-10-05 17:53:17
485,언택트계의혁명!,최고,최고최고,2020-10-05 17:53:17
486,친절한 업체입니다.,만족해요,새얀짱,2020-10-05 17:53:17
487,최고에요,만족합니다,친구,2020-10-05 17:53:17
488,번창하세요,"11",관우,2020-10-05 17:53:17
489,언택트계의혁명!,최고,최고최고,2020-10-05 17:53:17
490,번창하세요,"11",관우,2020-10-05 17:53:17
491,언택트계의혁명!,최고,최고최고,2020-10-05 17:53:17
492,친절한 업체입니다.,만족해요,새얀짱,2020-10-05 17:53:17
493,최고에요,만족합니다,친구,2020-10-05 17:53:17
494,친절한 업체입니다.,만족해요,새얀짱,2020-10-05 17:53:17
495,최고에요,만족합니다,친구,2020-10-05 17:53:17
496,친절한 업체입니다.,만족해요,새얀짱,2020-10-05 17:53:17
497,최고에요,만족합니다,친구,2020-10-05 17:53:17
498,최고의 동남아팀,동남아1/2팀 최고의팀웍인정합니다,내일맨,2020-10-06 14:10:50
499,굿,굿,asfasfsaf,2020-10-06 15:35:26
501,aa,aaa,aaaaaa,2020-10-06 17:39:18
